Time1,AbsTime1,MaxPressure1,Force1,ContactArea1,Time2,AbsTime2,MaxPressure2,Force2,ContactArea2,Time3,AbsTime3,MaxPressure3,Force3,ContactArea3,Time4,AbsTime4,MaxPressure4,Force4,ContactArea4,Time5,AbsTime5,MaxPressure5,Force5,ContactArea5,Time6,AbsTime6,MaxPressure6,Force6,ContactArea6,Time7,AbsTime7,MaxPressure7,Force7,ContactArea7,Time8,AbsTime8,MaxPressure8,Force8,ContactArea8,Time9,AbsTime9,MaxPressure9,Force9,ContactArea9
0,721.789,0.083,0.17,4.3,6,733.646,0.095,0.2,5.4,12,747.177,0.09,0.18,5,18,762.043,0.101,0.18,4.3,24,774.686,0.097,0.17,4.7,30,790.063,0.111,0.19,5.8,36,802.638,0.111,0.16,4.7,42,828.609,0.079,0.18,5,48,853.348,0.093,0.28,7.2
0.034,721.823,0.083,0.17,4.3,6.034,733.68,0.095,0.19,5,12.034,747.211,0.09,0.18,4.7,18.034,762.077,0.101,0.18,4.3,24.034,774.72,0.097,0.16,4.7,30.034,790.097,0.109,0.19,5.4,36.034,802.672,0.109,0.16,4.3,42.034,828.644,0.079,0.18,4.7,48.034,853.383,0.093,0.27,6.8
0.068,721.857,0.083,0.17,4.3,6.068,733.714,0.094,0.19,5,12.068,747.246,0.09,0.19,5,18.068,762.112,0.102,0.18,4.3,24.068,774.754,0.097,0.17,4.7,30.068,790.131,0.106,0.18,5.8,36.068,802.707,0.107,0.16,4.3,42.068,828.678,0.078,0.18,4.7,48.068,853.417,0.094,0.28,9
0.102,721.891,0.083,0.17,4.3,6.102,733.748,0.094,0.19,5,12.102,747.28,0.15,0.25,5.4,18.102,762.146,0.102,0.18,4.3,24.102,774.789,0.097,0.17,4.7,30.102,790.165,0.102,0.18,5.8,36.102,802.741,0.106,0.15,4.3,42.102,828.712,0.079,0.18,4.7,48.102,853.451,0.094,0.38,13.3
0.137,721.926,0.083,0.17,4.3,6.136,733.783,0.094,0.21,5.4,12.136,747.314,0.267,0.34,5.4,18.136,762.18,0.102,0.18,4.3,24.136,774.823,0.094,0.17,5,30.136,790.199,0.102,0.19,5.8,36.136,802.775,0.102,0.15,4.3,42.136,828.746,0.08,0.18,4.7,48.136,853.485,0.126,0.64,17.6
0.171,721.96,0.082,0.17,4.3,6.17,733.817,0.188,0.25,5.8,12.17,747.348,0.407,0.43,5.4,18.17,762.214,0.101,0.18,4.3,24.17,774.857,0.092,0.19,5,30.17,790.233,0.176,0.36,7.2,36.17,802.809,0.101,0.15,4.3,42.17,828.78,0.082,0.18,5,48.17,853.519,0.148,1.24,22.7
0.205,721.994,0.082,0.17,4.3,6.204,733.851,0.334,0.32,5.8,12.204,747.382,0.5,0.55,5.8,18.204,762.248,0.094,0.18,5,24.204,774.891,0.129,0.29,5.4,30.204,790.268,0.281,0.71,9.4,36.204,802.843,0.102,0.15,4.3,42.204,828.814,0.082,0.19,5.4,48.204,853.554,0.223,2.28,32.4
0.239,722.028,0.083,0.17,4.7,6.238,733.885,0.432,0.39,6.1,12.238,747.416,0.659,0.74,6.8,18.238,762.282,0.092,0.25,6.1,24.238,774.925,0.181,0.46,8.6,30.238,790.302,0.488,1.44,13.3,36.238,802.877,0.102,0.15,4.3,42.238,828.849,0.082,0.19,5.4,48.238,853.588,0.306,3.83,39.2
0.273,722.062,0.083,0.17,4.3,6.272,733.919,0.601,0.5,6.5,12.272,747.451,0.827,1.06,6.8,18.272,762.317,0.105,0.34,7.6,24.272,774.96,0.353,0.9,10.4,30.272,790.336,0.685,2.51,15.5,36.272,802.912,0.104,0.14,4.3,42.272,828.883,0.082,0.19,5.8,48.272,853.622,0.381,5.77,46.1
0.308,722.097,0.082,0.17,4.3,6.306,733.954,0.713,0.66,6.8,12.306,747.485,0.999,1.38,7.9,18.306,762.351,0.157,0.49,8.6,24.306,774.994,0.468,1.45,11.9,30.306,790.37,0.908,3.74,16.2,36.306,802.946,0.106,0.14,4,42.306,828.917,0.094,0.25,6.8,48.306,853.656,0.555,8.02,54.7
0.342,722.131,0.081,0.17,4.7,6.34,733.988,0.854,0.81,6.8,12.34,747.519,1.16,1.73,8.6,18.34,762.385,0.208,0.64,9.4,24.34,775.028,0.591,2.05,13,30.34,790.404,1.243,4.99,18.4,36.34,802.98,0.106,0.14,4,42.34,828.951,0.127,0.34,9,48.34,853.69,0.683,10.45,61.2
0.376,722.165,0.081,0.16,4.7,6.374,734.022,0.948,0.97,7.2,12.374,747.553,1.278,2.03,10.4,18.374,762.419,0.261,0.79,9.7,24.374,775.062,0.673,2.71,14.4,30.374,790.439,1.489,6.23,19.8,36.374,803.014,0.106,0.14,4.7,42.374,828.985,0.163,0.46,10.4,48.374,853.724,0.847,13,65.1
0.41,722.199,0.082,0.16,4.7,6.408,734.056,1.049,1.11,7.6,12.408,747.587,1.385,2.31,10.8,18.408,762.453,0.296,0.9,9.7,24.408,775.096,0.783,3.31,14.4,30.408,790.473,1.737,7.43,19.4,36.408,803.048,0.099,0.15,4.7,42.408,829.019,0.186,0.7,14.4,48.408,853.759,0.956,15.5,66.2
0.444,722.233,0.083,0.17,4.3,6.442,734.09,1.116,1.24,7.6,12.442,747.622,1.479,2.55,10.8,18.442,762.487,0.351,1.02,10.1,24.442,775.13,0.867,3.82,16.6,30.442,790.507,1.903,8.52,21.6,36.442,803.082,0.095,0.16,4.7,42.442,829.054,0.208,1.05,23.4,48.442,853.793,1.073,17.83,69.1
0.478,722.267,0.084,0.17,4.3,6.476,734.124,1.181,1.34,7.9,12.476,747.656,1.569,2.79,11.2,18.476,762.522,0.388,1.13,10.1,24.476,775.165,0.938,4.23,16.6,30.476,790.541,2.032,9.47,22,36.476,803.117,0.09,0.18,5.8,42.476,829.088,0.223,1.47,26.3,48.476,853.827,1.15,19.99,71.3
0.513,722.302,0.085,0.17,4.3,6.51,734.159,1.226,1.44,8.3,12.51,747.69,1.628,3,11.5,18.51,762.556,0.445,1.24,10.8,24.51,775.199,0.985,4.57,17.3,30.51,790.575,2.118,10.31,22.7,36.51,803.151,0.088,0.22,6.8,42.51,829.122,0.231,1.92,30.2,48.51,853.861,1.263,22,72.7
0.547,722.336,0.085,0.19,4.7,6.544,734.193,1.266,1.51,8.6,12.544,747.724,1.689,3.21,11.5,18.544,762.59,0.484,1.35,11.2,24.544,775.233,1.03,4.86,17.3,30.544,790.609,2.184,11.06,23.4,36.544,803.185,0.101,0.26,7.6,42.544,829.156,0.286,2.4,33.8,48.544,853.895,1.338,23.92,75.2
0.581,722.37,0.124,0.21,5,6.578,734.227,1.294,1.56,9,12.578,747.758,1.73,3.37,11.5,18.578,762.624,0.523,1.44,11.5,24.578,775.267,1.059,5.1,17.6,30.578,790.644,2.227,11.69,23.4,36.578,803.219,0.11,0.3,7.9,42.578,829.19,0.324,2.88,36.4,48.578,853.929,1.427,25.64,76.7
0.615,722.404,0.211,0.26,5,6.612,734.261,1.318,1.6,9,12.612,747.792,1.766,3.52,11.5,18.612,762.658,0.551,1.52,11.5,24.612,775.301,1.084,5.3,17.6,30.612,790.678,2.26,12.23,24.5,36.612,803.253,0.116,0.34,9.7,42.612,829.224,0.371,3.37,37.4,48.612,853.964,1.497,27.14,77.7
0.649,722.438,0.269,0.3,5.4,6.646,734.295,1.334,1.64,9,12.646,747.827,1.82,3.65,12.2,18.646,762.692,0.575,1.57,11.5,24.646,775.335,1.1,5.45,17.6,30.646,790.712,2.281,12.68,25.9,36.646,803.287,0.119,0.4,11.2,42.646,829.259,0.402,3.86,40.3,48.646,853.998,1.564,28.35,78.1
0.683,722.472,0.32,0.33,4.7,6.68,734.329,1.34,1.67,8.6,12.68,747.861,1.9,3.77,12.6,18.68,762.727,0.591,1.62,11.5,24.68,775.37,1.112,5.57,17.6,30.68,790.746,2.298,13.07,26.6,36.68,803.322,0.121,0.46,13,42.68,829.293,0.444,4.36,43.6,48.68,854.032,1.608,29.4,78.8
0.718,722.507,0.354,0.35,4.7,6.714,734.364,1.345,1.69,9,12.714,747.895,1.953,3.88,12.6,18.714,762.761,0.608,1.66,11.5,24.714,775.404,1.12,5.68,18.4,30.714,790.78,2.309,13.4,26.6,36.714,803.356,0.123,0.51,14.8,42.714,829.327,0.472,4.85,44.3,48.714,854.066,1.643,30.25,79.5
0.752,722.541,0.384,0.37,5,6.748,734.398,1.349,1.7,8.6,12.748,747.929,2.001,3.98,12.2,18.748,762.795,0.619,1.69,11.5,24.748,775.438,1.127,5.76,18.7,30.748,790.814,2.319,13.66,27,36.748,803.39,0.123,0.56,15.1,42.748,829.361,0.503,5.28,46.1,48.748,854.1,1.667,30.96,80.3
0.786,722.575,0.404,0.39,5.4,6.782,734.432,1.352,1.69,8.6,12.782,747.963,2.033,4.07,12.2,18.782,762.829,0.617,1.7,11.5,24.782,775.472,1.131,5.81,18.7,30.782,790.849,2.326,13.87,27,36.782,803.424,0.123,0.61,15.5,42.782,829.395,0.524,5.67,47.9,48.782,854.134,1.686,31.53,81
0.82,722.609,0.432,0.41,5.8,6.816,734.466,1.34,1.68,8.6,12.816,747.997,2.075,4.16,13,18.816,762.863,0.615,1.71,11.5,24.816,775.506,1.127,5.84,19.1,30.816,790.883,2.334,14.05,27.4,36.816,803.458,0.123,0.65,15.8,42.816,829.429,0.547,6.01,48.2,48.816,854.169,1.699,31.98,81.3
0.854,722.643,0.45,0.43,5.8,6.85,734.5,1.334,1.66,8.6,12.85,748.032,2.103,4.25,13,18.85,762.897,0.615,1.71,11.9,24.85,775.54,1.125,5.84,19.1,30.85,790.917,2.34,14.21,27.4,36.85,803.492,0.122,0.69,16.6,42.85,829.464,0.563,6.3,50,48.85,854.203,1.719,32.33,81.7
0.888,722.677,0.479,0.46,5.8,6.884,734.534,1.32,1.64,8.6,12.884,748.066,2.149,4.33,13.3,18.884,762.932,0.615,1.73,11.9,24.884,775.575,1.119,5.83,19.1,30.884,790.951,2.343,14.35,27.7,36.884,803.527,0.124,0.72,16.6,42.884,829.498,0.579,6.54,51.8,48.884,854.237,1.732,32.65,81.7
0.923,722.712,0.498,0.49,6.5,6.918,734.569,1.311,1.62,8.6,12.918,748.1,2.181,4.41,13.3,18.918,762.966,0.62,1.75,11.9,24.918,775.609,1.115,5.81,19.1,30.918,790.985,2.345,14.5,27.7,36.918,803.561,0.125,0.76,17.6,42.918,829.532,0.59,6.78,52.2,48.918,854.271,1.747,32.93,81.3
0.957,722.746,0.524,0.51,6.5,6.952,734.603,1.296,1.6,8.6,12.952,748.134,2.209,4.48,13.3,18.952,763,0.624,1.78,11.9,24.952,775.643,1.113,5.79,19.1,30.952,791.019,2.349,14.61,28.1,36.952,803.595,0.127,0.8,17.6,42.952,829.566,0.603,6.99,52.6,48.952,854.305,1.757,33.17,81.3
0.991,722.78,0.541,0.54,6.5,6.986,734.637,1.286,1.58,8.6,12.986,748.168,2.228,4.54,13.3,18.986,763.034,0.627,1.81,12.2,24.986,775.677,1.112,5.78,19.1,30.986,791.054,2.351,14.68,28.1,36.986,803.629,0.128,0.83,18,42.986,829.6,0.611,7.15,53.6,48.986,854.339,1.772,33.35,81.3
1.025,722.814,0.563,0.56,6.5,7.02,734.671,1.27,1.56,8.6,13.02,748.202,2.24,4.58,13.3,19.02,763.068,0.629,1.83,12.2,25.02,775.711,1.11,5.75,19.1,31.02,791.088,2.354,14.76,28.1,37.02,803.663,0.128,0.87,19.1,43.02,829.635,0.621,7.29,53.6,49.02,854.374,1.783,33.5,81.3
1.059,722.848,0.577,0.58,6.5,7.054,734.705,1.259,1.53,8.6,13.054,748.237,2.247,4.63,13.3,19.054,763.103,0.631,1.84,12.2,25.054,775.745,1.109,5.73,18.7,31.054,791.122,2.357,14.83,27.7,37.054,803.697,0.128,0.91,19.8,43.054,829.669,0.627,7.39,53.6,49.054,854.408,1.79,33.65,81.3
1.093,722.882,0.588,0.59,6.5,7.088,734.739,1.251,1.52,8.6,13.088,748.271,2.258,4.66,13.3,19.088,763.137,0.633,1.86,12.2,25.088,775.78,1.103,5.7,18.7,31.088,791.156,2.36,14.87,27.7,37.088,803.732,0.127,0.95,21.6,43.088,829.703,0.63,7.44,53.6,49.088,854.442,1.794,33.82,81.7
1.128,722.917,0.595,0.59,6.8,7.122,734.774,1.246,1.5,8.6,13.122,748.305,2.266,4.69,13.3,19.122,763.171,0.638,1.87,12.6,25.122,775.814,1.099,5.68,18.7,31.122,791.19,2.363,14.9,27.7,37.122,803.766,0.127,0.99,21.6,43.122,829.737,0.632,7.45,54,49.122,854.476,1.796,33.96,81.7
1.162,722.951,0.596,0.6,6.8,7.156,734.808,1.234,1.49,8.3,13.156,748.339,2.276,4.71,13.3,19.156,763.205,0.64,1.88,13,25.156,775.848,1.096,5.65,18.7,31.156,791.224,2.365,14.94,28.1,37.156,803.8,0.132,1.04,22.3,43.156,829.771,0.635,7.46,54,49.156,854.51,1.798,34.12,81.7
1.196,722.985,0.596,0.6,6.8,7.19,734.842,1.226,1.48,8.3,13.19,748.373,2.283,4.74,13.3,19.19,763.239,0.633,1.87,13,25.19,775.882,1.095,5.64,19.1,31.19,791.259,2.367,14.98,28.1,37.19,803.834,0.137,1.09,23,43.19,829.805,0.637,7.47,54,49.19,854.544,1.805,34.28,81.7
1.23,723.019,0.595,0.6,6.8,7.224,734.876,1.226,1.48,8.3,13.224,748.407,2.284,4.76,13.3,19.224,763.273,0.628,1.86,12.6,25.224,775.916,1.094,5.62,19.1,31.224,791.293,2.372,15.01,28.1,37.224,803.868,0.14,1.14,23,43.224,829.84,0.641,7.5,53.6,49.224,854.579,1.809,34.39,81.7
1.264,723.053,0.594,0.59,6.8,7.258,734.91,1.227,1.48,8.3,13.258,748.442,2.284,4.77,13.3,19.258,763.308,0.625,1.86,13.3,25.258,775.95,1.094,5.61,19.1,31.258,791.327,2.375,15.03,28.1,37.258,803.902,0.145,1.18,23.4,43.258,829.874,0.643,7.55,54,49.258,854.613,1.815,34.44,81.7
1.298,723.087,0.587,0.59,6.8,7.292,734.944,1.23,1.48,8.6,13.292,748.476,2.289,4.78,13.7,19.292,763.342,0.623,1.87,13.3,25.292,775.985,1.094,5.59,19.1,31.292,791.361,2.376,15.04,28.1,37.292,803.937,0.148,1.22,23.8,43.292,829.908,0.646,7.61,54.4,49.292,854.647,1.818,34.43,81.7
1.333,723.122,0.583,0.58,6.8,7.326,734.979,1.231,1.49,8.6,13.326,748.51,2.292,4.8,13.7,19.326,763.376,0.62,1.88,13.3,25.326,776.019,1.094,5.59,19.1,31.326,791.395,2.376,15.05,28.4,37.326,803.971,0.154,1.26,23.8,43.326,829.942,0.648,7.68,54,49.326,854.681,1.822,34.37,82.1
1.367,723.156,0.576,0.57,6.8,7.36,735.013,1.23,1.49,8.6,13.36,748.544,2.288,4.8,13.7,19.36,763.41,0.618,1.88,13.7,25.36,776.053,1.095,5.59,19.1,31.36,791.429,2.372,15.05,28.4,37.36,804.005,0.158,1.3,23.8,43.36,829.976,0.653,7.75,54.4,49.36,854.715,1.824,34.26,82.1
1.401,723.19,0.571,0.57,6.5,7.394,735.047,1.229,1.49,8.6,13.394,748.578,2.285,4.81,13.7,19.394,763.444,0.617,1.89,13.3,25.394,776.087,1.096,5.58,19.1,31.394,791.464,2.37,15.05,28.4,37.394,804.039,0.162,1.34,24.1,43.394,830.01,0.655,7.82,54.4,49.394,854.749,1.822,34.17,82.1
1.435,723.224,0.566,0.56,6.5,7.428,735.081,1.223,1.48,8.6,13.428,748.612,2.285,4.82,13.7,19.428,763.478,0.616,1.9,13.7,25.428,776.121,1.102,5.59,19.1,31.428,791.498,2.371,15.03,28.1,37.428,804.073,0.164,1.37,24.8,43.428,830.045,0.659,7.87,55.1,49.428,854.784,1.821,34.08,82.1
1.469,723.258,0.563,0.56,6.5,7.462,735.115,1.219,1.48,8.3,13.462,748.647,2.286,4.83,14,19.462,763.513,0.618,1.92,13.7,25.462,776.155,1.107,5.6,19.1,31.462,791.532,2.372,15.02,28.1,37.462,804.108,0.167,1.4,25.6,43.462,830.079,0.662,7.92,55.1,49.462,854.818,1.814,33.98,82.1
1.503,723.292,0.557,0.56,6.5,7.496,735.149,1.211,1.47,8.3,13.496,748.681,2.281,4.83,14,19.496,763.547,0.619,1.92,13.7,25.496,776.19,1.109,5.61,19.1,31.496,791.566,2.374,15.01,28.1,37.496,804.142,0.168,1.43,26.3,43.496,830.113,0.663,7.97,55.1,49.496,854.852,1.809,33.91,81.7
1.538,723.327,0.553,0.55,6.5,7.53,735.184,1.206,1.46,8.6,13.53,748.715,2.278,4.83,14,19.53,763.581,0.619,1.93,13.3,25.53,776.224,1.11,5.64,19.1,31.53,791.6,2.375,14.99,28.1,37.53,804.176,0.171,1.45,26.6,43.53,830.147,0.664,8,55.4,49.53,854.886,1.814,33.92,82.1
1.572,723.361,0.545,0.54,6.5,7.564,735.218,1.201,1.45,8.6,13.564,748.749,2.277,4.83,14,19.564,763.615,0.619,1.94,13.3,25.564,776.258,1.116,5.67,19.1,31.564,791.634,2.38,14.98,28.1,37.564,804.21,0.172,1.47,26.6,43.564,830.181,0.665,8.03,55.8,49.564,854.92,1.817,34,82.8
1.606,723.395,0.539,0.53,6.5,7.598,735.252,1.198,1.45,8.6,13.598,748.783,2.276,4.83,14,19.598,763.649,0.621,1.95,13.3,25.598,776.292,1.121,5.7,19.1,31.598,791.669,2.384,14.98,28.1,37.598,804.244,0.177,1.49,26.6,43.598,830.215,0.665,8.07,56.2,49.598,854.954,1.809,34.08,82.8
1.64,723.429,0.535,0.53,6.5,7.632,735.286,1.2,1.45,8.6,13.632,748.817,2.273,4.83,14,19.632,763.683,0.623,1.95,13.7,25.632,776.326,1.125,5.74,19.1,31.632,791.703,2.386,14.97,28.1,37.632,804.278,0.18,1.52,27,43.632,830.25,0.668,8.11,55.8,49.632,854.989,1.804,34.13,82.8
1.674,723.463,0.532,0.52,6.5,7.666,735.32,1.201,1.45,8.6,13.666,748.852,2.271,4.83,13.7,19.666,763.718,0.624,1.96,13,25.666,776.36,1.129,5.77,19.1,31.666,791.737,2.388,14.95,28.4,37.666,804.313,0.184,1.53,27,43.666,830.284,0.672,8.15,56.2,49.666,855.023,1.796,34.16,82.8
1.708,723.497,0.527,0.52,6.5,7.7,735.354,1.2,1.45,8.6,13.7,748.886,2.261,4.82,14,19.7,763.752,0.625,1.96,13,25.7,776.395,1.133,5.81,19.1,31.7,791.771,2.388,14.92,28.4,37.7,804.347,0.186,1.55,27,43.7,830.318,0.676,8.18,56.5,49.7,855.057,1.791,34.21,82.8
1.743,723.532,0.523,0.51,6.5,7.734,735.389,1.199,1.45,8.6,13.734,748.92,2.253,4.81,14,19.734,763.786,0.623,1.95,13.3,25.734,776.429,1.135,5.85,19.1,31.734,791.805,2.387,14.91,28.4,37.734,804.381,0.187,1.57,26.6,43.734,830.352,0.678,8.21,56.5,49.734,855.091,1.796,34.26,82.8
1.777,723.566,0.521,0.51,6.5,7.768,735.423,1.195,1.45,8.6,13.768,748.954,2.254,4.8,14,19.768,763.82,0.622,1.95,13.3,25.768,776.463,1.139,5.9,19.1,31.768,791.839,2.387,14.91,28.4,37.768,804.415,0.187,1.57,27,43.768,830.386,0.682,8.27,56.2,49.768,855.125,1.799,34.26,82.4
1.811,723.6,0.519,0.51,6.5,7.802,735.457,1.193,1.45,8.6,13.802,748.988,2.255,4.8,14,19.802,763.854,0.618,1.94,13,25.802,776.497,1.142,5.94,19.1,31.802,791.874,2.387,14.91,28.4,37.802,804.449,0.187,1.58,27,43.802,830.42,0.684,8.32,56.5,49.802,855.16,1.804,34.24,81.7
1.845,723.634,0.518,0.5,6.5,7.836,735.491,1.195,1.46,8.6,13.836,749.022,2.265,4.8,13.7,19.836,763.888,0.615,1.93,13,25.836,776.531,1.149,5.98,19.1,31.836,791.908,2.386,14.92,28.4,37.836,804.483,0.187,1.59,27,43.836,830.455,0.688,8.36,56.5,49.836,855.194,1.807,34.21,81.3
1.879,723.668,0.517,0.5,6.5,7.87,735.525,1.196,1.46,8.6,13.87,749.057,2.27,4.8,13.7,19.87,763.923,0.613,1.92,13.3,25.87,776.565,1.155,6,19.1,31.87,791.942,2.386,14.92,28.4,37.87,804.518,0.187,1.59,27,43.87,830.489,0.69,8.39,56.9,49.87,855.228,1.804,34.15,81.3
1.914,723.703,0.513,0.5,6.5,7.904,735.56,1.199,1.46,8.6,13.904,749.091,2.272,4.81,13.7,19.904,763.957,0.611,1.91,13.3,25.904,776.6,1.156,6.03,19.1,31.904,791.976,2.388,14.92,28.4,37.904,804.552,0.187,1.58,27,43.904,830.523,0.695,8.4,56.9,49.904,855.262,1.802,34.06,81.3
1.948,723.737,0.51,0.49,6.5,7.938,735.594,1.201,1.47,8.6,13.938,749.125,2.274,4.81,13.7,19.938,763.991,0.609,1.9,13.3,25.938,776.634,1.158,6.04,19.1,31.938,792.01,2.389,14.92,28.4,37.938,804.586,0.186,1.58,27,43.938,830.557,0.698,8.42,56.5,49.938,855.296,1.802,33.99,81.3
1.982,723.771,0.504,0.49,6.5,7.972,735.628,1.2,1.47,8.6,13.972,749.159,2.278,4.82,14,19.972,764.025,0.608,1.89,13.3,25.972,776.668,1.161,6.06,19.1,31.972,792.045,2.391,14.93,28.4,37.972,804.62,0.186,1.58,27,43.972,830.591,0.702,8.44,56.2,49.972,855.33,1.802,33.95,81.3
2.016,723.805,0.501,0.49,6.5,8.006,735.662,1.199,1.47,8.6,14.006,749.193,2.28,4.84,14,20.006,764.059,0.6,1.88,13.3,26.006,776.702,1.162,6.09,19.1,32.006,792.079,2.392,14.95,28.4,38.006,804.654,0.186,1.58,27,44.006,830.625,0.705,8.45,56.2,50.006,855.365,1.797,33.93,81.3
2.05,723.839,0.498,0.48,6.8,8.04,735.696,1.182,1.45,8.6,14.04,749.228,2.287,4.85,14,20.04,764.093,0.594,1.86,13,26.04,776.736,1.172,6.14,19.1,32.04,792.113,2.391,14.97,28.4,38.04,804.688,0.185,1.58,26.6,44.04,830.66,0.706,8.46,56.2,50.04,855.399,1.793,33.94,81.3
2.084,723.873,0.497,0.48,6.5,8.074,735.73,1.17,1.41,8.3,14.074,749.262,2.292,4.87,14,20.074,764.128,0.581,1.83,12.6,26.074,776.771,1.177,6.19,19.1,32.074,792.147,2.39,15,28.8,38.074,804.723,0.186,1.58,26.6,44.074,830.694,0.706,8.45,56.9,50.074,855.433,1.796,33.93,81.3
2.119,723.908,0.492,0.47,6.5,8.108,735.765,1.132,1.36,8.3,14.108,749.296,2.29,4.89,14,20.108,764.162,0.571,1.81,13,26.108,776.805,1.183,6.23,19.1,32.108,792.181,2.395,15.02,28.8,38.108,804.757,0.187,1.58,27,44.108,830.728,0.705,8.44,56.2,50.108,855.467,1.797,33.89,81.3
2.153,723.942,0.489,0.47,6.5,8.142,735.799,1.107,1.28,8.3,14.142,749.33,2.289,4.9,14,20.142,764.196,0.561,1.78,13,26.142,776.839,1.186,6.27,19.1,32.142,792.215,2.397,15.02,28.4,38.142,804.791,0.188,1.57,27,44.142,830.762,0.705,8.43,55.8,50.142,855.501,1.797,33.86,81.3
2.187,723.976,0.483,0.46,6.5,8.176,735.833,1.04,1.19,7.9,14.176,749.364,2.292,4.92,14,20.176,764.23,0.553,1.76,12.6,26.176,776.873,1.191,6.3,19.1,32.176,792.25,2.395,15.01,28.4,38.176,804.825,0.189,1.58,27,44.176,830.796,0.707,8.43,56.9,50.176,855.535,1.796,33.86,81.3
2.221,724.01,0.48,0.46,6.5,8.21,735.867,0.995,1.08,7.9,14.21,749.398,2.293,4.94,14,20.21,764.264,0.548,1.73,12.6,26.21,776.907,1.194,6.32,19.1,32.21,792.284,2.394,14.99,28.4,38.21,804.859,0.189,1.58,27,44.21,830.83,0.707,8.44,56.9,50.21,855.57,1.8,33.91,81.3
2.255,724.044,0.479,0.46,6.5,8.244,735.901,0.852,0.93,7.6,14.244,749.433,2.291,4.96,14,20.244,764.298,0.544,1.72,12.6,26.244,776.941,1.193,6.34,19.1,32.244,792.318,2.391,14.99,28.4,38.244,804.893,0.19,1.58,27,44.244,830.865,0.707,8.43,56.2,50.244,855.604,1.803,33.95,81.3
2.289,724.078,0.478,0.45,6.1,8.278,735.935,0.756,0.73,7.2,14.278,749.467,2.288,4.97,14,20.278,764.333,0.544,1.71,12.6,26.278,776.976,1.192,6.35,19.1,32.278,792.352,2.39,14.99,28.4,38.278,804.928,0.19,1.59,27,44.278,830.899,0.707,8.41,55.4,50.278,855.638,1.795,33.98,81.7
2.324,724.113,0.472,0.45,6.1,8.312,735.97,0.515,0.53,7.6,14.312,749.501,2.291,4.98,14.4,20.312,764.367,0.544,1.69,12.2,26.312,777.01,1.192,6.36,19.4,32.312,792.386,2.39,14.99,28.4,38.312,804.962,0.19,1.59,27,44.312,830.933,0.709,8.39,55.8,50.312,855.672,1.789,33.98,81.3
2.358,724.147,0.467,0.44,6.1,8.346,736.004,0.351,0.39,6.8,14.346,749.535,2.293,4.99,14,20.346,764.401,0.543,1.68,12.2,26.346,777.044,1.192,6.36,19.4,32.346,792.42,2.391,14.99,28.4,38.346,804.996,0.19,1.6,27,44.346,830.967,0.71,8.39,56.2,50.346,855.706,1.784,33.98,81
2.392,724.181,0.461,0.44,6.1,8.38,736.038,0.233,0.3,6.5,14.38,749.569,2.29,5,14,20.38,764.435,0.543,1.67,11.9,26.38,777.078,1.193,6.37,19.8,32.38,792.455,2.394,14.98,28.4,38.38,805.03,0.19,1.59,27,44.38,831.001,0.711,8.4,56.2,50.38,855.74,1.781,33.98,81
2.426,724.215,0.457,0.43,6.1,8.414,736.072,0.155,0.26,5.8,14.414,749.603,2.288,5.02,14,20.414,764.469,0.541,1.65,12.2,26.414,777.112,1.193,6.38,19.8,32.414,792.489,2.395,14.97,28.4,38.414,805.064,0.191,1.59,27,44.414,831.035,0.712,8.41,56.2,50.414,855.775,1.778,33.99,81
2.46,724.249,0.45,0.43,6.1,8.448,736.106,0.098,0.23,5.4,14.448,749.638,2.289,5.04,14,20.448,764.503,0.539,1.61,11.9,26.448,777.146,1.196,6.39,19.8,32.448,792.523,2.396,14.97,28.4,38.448,805.098,0.191,1.59,27,44.448,831.07,0.71,8.41,56.5,50.448,855.809,1.777,34.04,81
2.494,724.283,0.445,0.42,6.1,8.482,736.14,0.095,0.22,5.4,14.482,749.672,2.289,5.06,14,20.482,764.538,0.518,1.55,12.2,26.482,777.181,1.197,6.4,19.8,32.482,792.557,2.396,14.97,28.4,38.482,805.133,0.191,1.59,26.3,44.482,831.104,0.708,8.38,56.5,50.482,855.843,1.781,34.12,81.3
2.529,724.318,0.44,0.42,6.1,8.516,736.175,0.095,0.21,5.4,14.516,749.706,2.287,5.08,13.7,20.516,764.572,0.504,1.48,11.9,26.516,777.215,1.201,6.41,20.2,32.516,792.591,2.395,14.98,28.8,38.516,805.167,0.191,1.59,26.3,44.516,831.138,0.707,8.35,56.5,50.516,855.877,1.784,34.19,81
2.563,724.352,0.437,0.42,5.8,8.55,736.209,0.096,0.2,5.4,14.55,749.74,2.286,5.1,13.7,20.55,764.606,0.45,1.37,11.9,26.55,777.249,1.204,6.43,20.2,32.55,792.625,2.395,14.99,28.8,38.55,805.201,0.189,1.6,26.6,44.55,831.172,0.707,8.32,56.2,50.55,855.911,1.787,34.27,81
2.597,724.386,0.436,0.41,5.8,8.584,736.243,0.095,0.2,5,14.584,749.774,2.29,5.12,13.7,20.584,764.64,0.414,1.23,11.5,26.584,777.283,1.206,6.45,20.2,32.584,792.66,2.393,14.99,28.8,38.584,805.235,0.189,1.59,26.6,44.584,831.206,0.71,8.31,56.2,50.584,855.945,1.789,34.39,81
2.631,724.42,0.436,0.41,5.4,8.618,736.277,0.095,0.2,5,14.618,749.808,2.292,5.15,13.7,20.618,764.674,0.327,1.04,10.8,26.618,777.317,1.208,6.47,20.5,32.618,792.694,2.391,15,28.8,38.618,805.269,0.188,1.59,26.6,44.618,831.24,0.711,8.31,56.2,50.618,855.98,1.8,34.55,81.3
2.665,724.454,0.436,0.42,5.8,8.652,736.311,0.094,0.19,5,14.652,749.843,2.294,5.17,13.7,20.652,764.709,0.27,0.83,10.4,26.652,777.351,1.209,6.5,20.5,32.652,792.728,2.388,15.01,28.8,38.652,805.303,0.187,1.59,27,44.652,831.275,0.712,8.32,56.2,50.652,856.014,1.807,34.7,81.3
2.699,724.488,0.437,0.42,5.8,8.686,736.345,0.094,0.19,5,14.686,749.877,2.297,5.2,14,20.686,764.743,0.171,0.58,10.1,26.686,777.386,1.211,6.52,20.5,32.686,792.762,2.386,15.03,28.8,38.686,805.338,0.189,1.59,27,44.686,831.309,0.712,8.32,56.2,50.686,856.048,1.812,34.82,81.3
2.734,724.523,0.434,0.42,5.8,8.72,736.38,0.095,0.19,5,14.72,749.911,2.299,5.22,14,20.72,764.777,0.109,0.37,9.4,26.72,777.42,1.213,6.54,20.5,32.72,792.796,2.385,15.04,29.2,38.72,805.372,0.191,1.59,27,44.72,831.343,0.714,8.31,56.2,50.72,856.082,1.815,34.9,81.7
2.768,724.557,0.432,0.41,5.8,8.754,736.414,0.095,0.19,5,14.754,749.945,2.301,5.24,14,20.754,764.811,0.094,0.27,7.2,26.754,777.454,1.214,6.55,20.2,32.754,792.83,2.383,15.04,29.2,38.754,805.406,0.191,1.59,27,44.754,831.377,0.714,8.3,56.2,50.754,856.116,1.818,34.96,81.7
2.802,724.591,0.427,0.41,5.8,8.788,736.448,0.095,0.2,5,14.788,749.979,2.301,5.26,14,20.788,764.845,0.099,0.21,6.8,26.788,777.488,1.219,6.57,20.2,32.788,792.865,2.383,15.03,28.8,38.788,805.44,0.191,1.58,27,44.788,831.411,0.716,8.29,56.2,50.788,856.15,1.82,35.04,81.3
2.836,724.625,0.424,0.41,5.8,8.822,736.482,0.095,0.19,5,14.822,750.013,2.301,5.28,14,20.822,764.879,0.102,0.19,5.8,26.822,777.522,1.222,6.59,20.5,32.822,792.899,2.383,15.02,28.8,38.822,805.474,0.192,1.58,27,44.822,831.446,0.717,8.29,56.5,50.822,856.185,1.823,35.18,81.3
2.87,724.659,0.422,0.41,6.1,8.856,736.516,0.095,0.19,5,14.856,750.048,2.311,5.3,13.7,20.856,764.914,0.102,0.17,5.4,26.856,777.556,1.219,6.6,20.5,32.856,792.933,2.386,15,28.8,38.856,805.508,0.193,1.58,27,44.856,831.48,0.719,8.29,56.5,50.856,856.219,1.825,35.37,81.3
2.904,724.693,0.421,0.41,6.1,8.89,736.55,0.095,0.19,5,14.89,750.082,2.318,5.31,14,20.89,764.948,0.102,0.17,4.7,26.89,777.591,1.219,6.62,20.5,32.89,792.967,2.389,14.99,28.8,38.89,805.543,0.193,1.58,26.6,44.89,831.514,0.72,8.28,56.5,50.89,856.253,1.837,35.53,81.7
2.939,724.728,0.419,0.41,6.1,8.924,736.585,0.095,0.2,5,14.924,750.116,2.323,5.33,14,20.924,764.982,0.102,0.17,4.7,26.924,777.625,1.221,6.65,20.5,32.924,793.001,2.392,14.98,29.2,38.924,805.577,0.193,1.57,25.9,44.924,831.548,0.724,8.27,56.5,50.924,856.287,1.845,35.6,81.3
2.973,724.762,0.418,0.4,6.1,8.958,736.619,0.095,0.2,5,14.958,750.15,2.326,5.34,14,20.958,765.016,0.102,0.18,4.7,26.958,777.659,1.222,6.67,20.5,32.958,793.035,2.393,14.98,29.2,38.958,805.611,0.192,1.57,25.9,44.958,831.582,0.726,8.26,56.5,50.958,856.321,1.841,35.62,81.3
3.007,724.796,0.415,0.4,6.1,8.992,736.653,0.095,0.2,4.7,14.992,750.184,2.332,5.36,14,20.992,765.05,0.101,0.18,4.7,26.992,777.693,1.225,6.68,20.5,32.992,793.07,2.394,14.96,28.8,38.992,805.645,0.191,1.56,25.9,44.992,831.616,0.729,8.26,56.5,50.992,856.355,1.838,35.67,81.3
3.041,724.83,0.413,0.4,5.8,9.026,736.687,0.095,0.2,4.7,15.026,750.218,2.336,5.37,14,21.026,765.084,0.099,0.18,4.7,27.026,777.727,1.228,6.68,20.9,33.026,793.104,2.394,14.96,28.8,39.026,805.679,0.191,1.56,26.3,45.026,831.651,0.732,8.27,56.2,51.026,856.39,1.842,35.8,81.3
3.075,724.864,0.414,0.41,5.8,,,,,,15.06,750.253,2.339,5.38,14,21.06,765.119,0.099,0.18,4.7,27.06,777.761,1.22,6.65,20.9,33.06,793.138,2.391,14.97,29.2,39.06,805.714,0.19,1.55,26.3,45.06,831.685,0.733,8.27,56.2,51.06,856.424,1.845,35.98,81.3
3.109,724.898,0.416,0.41,5.8,,,,,,15.094,750.287,2.341,5.4,14,21.094,765.153,0.099,0.18,4.7,27.094,777.796,1.216,6.56,20.5,33.094,793.172,2.389,14.98,29.2,39.094,805.748,0.191,1.56,26.3,45.094,831.719,0.735,8.28,56.2,51.094,856.458,1.848,36.14,81.3
3.144,724.933,0.416,0.41,5.8,,,,,,15.128,750.321,2.35,5.42,14,,,,,,27.128,777.83,1.188,6.37,20.2,33.128,793.206,2.389,14.99,29.2,39.128,805.782,0.191,1.55,25.9,45.128,831.753,0.733,8.29,56.2,51.128,856.492,1.849,36.26,81.3
3.178,724.967,0.416,0.41,5.8,,,,,,15.162,750.355,2.356,5.42,14,,,,,,27.162,777.864,1.171,5.99,19.4,33.162,793.24,2.389,15,29.2,39.162,805.816,0.191,1.56,25.9,45.162,831.787,0.733,8.3,55.8,51.162,856.526,1.846,36.36,81.3
3.212,725.001,0.418,0.41,5.8,,,,,,15.196,750.389,2.354,5.41,14,,,,,,27.196,777.898,1.078,5.38,19.1,33.196,793.275,2.395,14.99,29.2,39.196,805.85,0.191,1.55,25.9,45.196,831.821,0.729,8.28,55.4,51.196,856.56,1.844,36.46,81.3
3.246,725.035,0.42,0.41,6.1,,,,,,15.23,750.423,2.353,5.37,14,,,,,,27.23,777.932,0.955,4.48,17.6,33.23,793.309,2.398,14.98,29.2,39.23,805.884,0.191,1.55,25.6,45.23,831.856,0.726,8.25,55.4,51.23,856.595,1.848,36.56,81.3
3.28,725.069,0.422,0.41,6.1,,,,,,15.264,750.458,2.34,5.31,14,,,,,,27.264,777.966,0.803,3.37,16.2,33.264,793.343,2.403,14.98,29.2,39.264,805.919,0.191,1.55,25.6,45.264,831.89,0.726,8.22,55.8,51.264,856.629,1.851,36.68,81.3
3.314,725.103,0.423,0.41,5.8,,,,,,15.298,750.492,2.331,5.13,14.4,,,,,,27.298,778.001,0.558,2.36,14.8,33.298,793.377,2.406,14.98,29.2,39.298,805.953,0.192,1.55,25.9,45.298,831.924,0.727,8.18,55.4,51.298,856.663,1.859,36.81,81.3
3.349,725.138,0.418,0.41,5.8,,,,,,15.332,750.526,2.148,4.82,13.7,,,,,,27.332,778.035,0.381,1.57,14,33.332,793.411,2.406,14.98,29.2,39.332,805.987,0.192,1.55,25.6,45.332,831.958,0.728,8.14,55.4,51.332,856.697,1.865,36.89,81.3
3.383,725.172,0.415,0.4,5.8,,,,,,15.366,750.56,2.026,4.36,13.3,,,,,,27.366,778.069,0.255,1.04,13.3,33.366,793.445,2.406,14.97,28.8,39.366,806.021,0.193,1.55,25.6,45.366,831.992,0.729,8.1,55.8,51.366,856.731,1.868,36.92,81.3
3.417,725.206,0.401,0.4,5.4,,,,,,15.4,750.594,1.689,3.58,12.2,,,,,,27.4,778.103,0.182,0.69,12.6,33.4,793.48,2.409,14.96,28.8,39.4,806.055,0.193,1.55,25.9,45.4,832.026,0.727,8.08,55.4,51.4,856.765,1.87,36.96,81.3
3.451,725.24,0.392,0.38,5.4,,,,,,15.434,750.628,1.493,2.78,11.5,,,,,,27.434,778.137,0.137,0.47,10.4,33.434,793.514,2.411,14.92,28.8,39.434,806.089,0.193,1.55,25.6,45.434,832.061,0.726,8.05,55.8,51.434,856.8,1.865,36.97,81.3
3.485,725.274,0.328,0.35,5.8,,,,,,15.468,750.663,1.255,2.05,10.8,,,,,,27.468,778.171,0.102,0.35,8.3,33.468,793.548,2.412,14.86,28.8,39.468,806.124,0.193,1.55,25.6,45.468,832.095,0.726,8.05,55.4,51.468,856.834,1.862,36.99,81.3
3.519,725.308,0.285,0.31,6.1,,,,,,15.502,750.697,0.758,1.39,10.1,,,,,,27.502,778.206,0.092,0.28,7.2,33.502,793.582,2.412,14.81,28.4,39.502,806.158,0.192,1.55,25.2,45.502,832.129,0.726,8.09,55.4,51.502,856.868,1.856,36.99,81
3.554,725.343,0.19,0.26,5.8,,,,,,15.536,750.731,0.54,0.98,9,,,,,,27.536,778.24,0.094,0.24,6.8,33.536,793.616,2.411,14.73,28.4,39.536,806.192,0.191,1.55,25.2,45.536,832.163,0.733,8.15,55.4,51.536,856.902,1.851,37.04,81.3
3.588,725.377,0.127,0.22,5,,,,,,15.57,750.765,0.393,0.71,8.3,,,,,,27.57,778.274,0.095,0.22,6.5,33.57,793.65,2.41,14.61,28.4,39.57,806.226,0.191,1.56,25.2,45.57,832.197,0.736,8.22,55.8,51.57,856.936,1.847,37.08,81.3
3.622,725.411,0.089,0.2,4.7,,,,,,15.604,750.799,0.286,0.53,7.2,,,,,,27.604,778.308,0.095,0.2,5.8,33.604,793.685,2.408,14.33,28.4,39.604,806.26,0.192,1.56,25.2,45.604,832.231,0.743,8.27,55.8,51.604,856.971,1.844,37.06,81.3
3.656,725.445,0.089,0.19,4.7,,,,,,15.638,750.833,0.214,0.4,7.2,,,,,,27.638,778.342,0.095,0.19,5.8,33.638,793.719,2.406,13.87,28.1,39.638,806.294,0.191,1.55,25.2,45.638,832.266,0.749,8.31,56.2,51.638,857.005,1.846,37.05,81.3
3.69,725.479,0.089,0.18,4.7,,,,,,15.672,750.868,0.163,0.32,7.2,,,,,,27.672,778.377,0.095,0.19,5.8,33.672,793.753,2.397,13.16,27.4,39.672,806.329,0.191,1.55,25.2,45.672,832.3,0.755,8.35,56.5,51.672,857.039,1.847,37.05,81.3
3.725,725.514,0.089,0.18,4.7,,,,,,15.706,750.902,0.128,0.27,6.8,,,,,,27.706,778.411,0.097,0.18,5,33.706,793.787,2.392,12.06,26.6,39.706,806.363,0.191,1.54,25.2,45.706,832.334,0.761,8.38,56.5,51.706,857.073,1.852,37.04,81
3.759,725.548,0.089,0.18,4.3,,,,,,15.74,750.936,0.101,0.24,5.8,,,,,,27.74,778.445,0.099,0.18,5,33.74,793.821,2.339,10.47,25.2,39.74,806.397,0.192,1.54,25.6,45.74,832.368,0.767,8.43,56.2,51.74,857.107,1.856,37.03,81
3.793,725.582,0.09,0.18,4.3,,,,,,15.774,750.97,0.09,0.23,5.8,,,,,,27.774,778.479,0.101,0.18,5.4,33.774,793.856,2.304,8.37,23.8,39.774,806.431,0.192,1.54,25.6,45.774,832.402,0.771,8.46,56.5,51.774,857.141,1.855,37.01,81
,,,,,,,,,,15.808,751.004,0.09,0.22,5.4,,,,,,27.808,778.513,0.102,0.18,5.4,33.808,793.89,1.557,6.07,20.9,39.808,806.465,0.192,1.54,25.9,45.808,832.436,0.779,8.47,56.5,51.808,857.176,1.855,37,81
,,,,,,,,,,15.842,751.039,0.092,0.21,5.4,,,,,,27.842,778.547,0.104,0.18,5.4,33.842,793.924,1.138,4.15,19.4,39.842,806.499,0.191,1.53,25.6,45.842,832.471,0.784,8.41,55.8,51.842,857.21,1.857,37.01,81.3
,,,,,,,,,,15.876,751.073,0.094,0.2,5.4,,,,,,27.876,778.582,0.104,0.18,5.4,33.876,793.958,0.828,2.82,17.6,39.876,806.534,0.191,1.53,25.2,45.876,832.505,0.78,8.19,55.1,51.876,857.244,1.858,37,81.7
,,,,,,,,,,15.91,751.107,0.094,0.2,5.4,,,,,,27.91,778.616,0.102,0.18,5.8,33.91,793.992,0.613,1.93,17.3,39.91,806.568,0.192,1.54,25.6,45.91,832.539,0.777,7.7,54.4,51.91,857.278,1.857,36.99,81.7
,,,,,,,,,,15.944,751.141,0.095,0.2,5.4,,,,,,27.944,778.65,0.104,0.18,5.4,33.944,794.026,0.451,1.34,16.6,39.944,806.602,0.192,1.54,25.6,45.944,832.573,0.706,6.86,52.6,51.944,857.312,1.856,36.96,82.1
,,,,,,,,,,15.978,751.175,0.094,0.2,5.4,,,,,,27.978,778.684,0.106,0.18,5.4,33.978,794.061,0.342,0.95,14.4,39.978,806.636,0.191,1.54,25.6,45.978,832.607,0.654,5.67,48.6,51.978,857.346,1.851,36.93,81.3
,,,,,,,,,,16.012,751.209,0.094,0.19,5.4,,,,,,28.012,778.718,0.106,0.17,5,34.012,794.095,0.266,0.7,12.6,40.012,806.67,0.191,1.53,25.6,46.012,832.641,0.503,4.33,41.8,52.012,857.381,1.847,36.89,81.7
,,,,,,,,,,16.046,751.244,0.094,0.19,5.4,,,,,,28.046,778.752,0.106,0.17,4.7,34.046,794.129,0.216,0.56,10.1,40.046,806.704,0.19,1.54,25.6,46.046,832.676,0.402,3.09,38.2,52.046,857.415,1.842,36.84,81.7
,,,,,,,,,,16.08,751.278,0.094,0.18,5.4,,,,,,28.08,778.787,0.104,0.17,4.7,34.08,794.163,0.178,0.46,10.4,40.08,806.739,0.189,1.53,25.6,46.08,832.71,0.297,2.06,31,52.08,857.449,1.839,36.85,81.3
,,,,,,,,,,16.114,751.312,0.094,0.18,5.4,,,,,,28.114,778.821,0.104,0.17,4.7,34.114,794.197,0.153,0.4,9.4,40.114,806.773,0.188,1.53,25.6,46.114,832.744,0.227,1.31,23,52.114,857.483,1.837,36.87,81.7
,,,,,,,,,,16.148,751.346,0.094,0.18,5.4,,,,,,,,,,,34.148,794.231,0.134,0.36,8.3,40.148,806.807,0.187,1.5,25.6,46.148,832.778,0.174,0.84,19.1,52.148,857.517,1.835,36.86,81.7
,,,,,,,,,,16.182,751.38,0.092,0.18,5,,,,,,,,,,,34.182,794.266,0.12,0.33,7.9,40.182,806.841,0.18,1.46,25.6,46.182,832.812,0.139,0.56,15.5,52.182,857.551,1.824,36.78,81.3
,,,,,,,,,,16.216,751.414,0.09,0.18,5,,,,,,,,,,,34.216,794.3,0.109,0.31,7.6,40.216,806.875,0.176,1.4,25.2,46.216,832.846,0.112,0.43,10.8,52.216,857.586,1.818,36.71,80.6
,,,,,,,,,,16.25,751.449,0.089,0.17,5,,,,,,,,,,,34.25,794.334,0.101,0.29,7.6,40.25,806.909,0.168,1.33,24.1,46.25,832.881,0.095,0.35,9.7,52.25,857.62,1.816,36.7,81
,,,,,,,,,,16.284,751.483,0.089,0.17,5,,,,,,,,,,,34.284,794.368,0.102,0.28,7.6,40.284,806.944,0.163,1.28,23.8,46.284,832.915,0.091,0.31,8.6,52.284,857.654,1.815,36.74,81.3
,,,,,,,,,,,,,,,,,,,,,,,,,34.318,794.402,0.104,0.27,6.8,40.318,806.978,0.16,1.25,23.4,46.318,832.949,0.09,0.28,7.6,52.318,857.688,1.82,36.77,81.3
,,,,,,,,,,,,,,,,,,,,,,,,,34.352,794.436,0.107,0.27,6.8,40.352,807.012,0.158,1.24,23.4,46.352,832.983,0.088,0.27,6.8,52.352,857.722,1.823,36.76,82.1
,,,,,,,,,,,,,,,,,,,,,,,,,34.386,794.471,0.109,0.26,6.5,40.386,807.046,0.155,1.23,23,46.386,833.017,0.086,0.26,6.5,52.386,857.756,1.808,36.58,81.7
,,,,,,,,,,,,,,,,,,,,,,,,,34.42,794.505,0.109,0.25,6.5,40.42,807.08,0.154,1.19,23,46.42,833.052,0.088,0.25,6.5,52.42,857.791,1.797,36.18,81.7
,,,,,,,,,,,,,,,,,,,,,,,,,34.454,794.539,0.107,0.25,6.1,40.454,807.114,0.154,1.11,22,46.454,833.086,0.088,0.25,6.1,52.454,857.825,1.765,35.76,81.3
,,,,,,,,,,,,,,,,,,,,,,,,,34.488,794.573,0.107,0.24,6.1,40.488,807.149,0.141,0.94,20.2,46.488,833.12,0.086,0.24,6.1,52.488,857.859,1.743,35.38,81.3
,,,,,,,,,,,,,,,,,,,,,,,,,34.522,794.607,0.106,0.23,6.1,40.522,807.183,0.133,0.72,16.9,46.522,833.154,0.086,0.24,6.1,52.522,857.893,1.718,34.91,81.3
,,,,,,,,,,,,,,,,,,,,,,,,,34.556,794.641,0.107,0.23,6.1,40.556,807.217,0.111,0.5,13,46.556,833.188,0.086,0.24,6.5,52.556,857.927,1.701,34.17,81
,,,,,,,,,,,,,,,,,,,,,,,,,34.59,794.676,0.109,0.23,6.1,40.59,807.251,0.096,0.35,10.4,46.59,833.222,0.088,0.24,6.1,52.59,857.961,1.632,32.86,81
,,,,,,,,,,,,,,,,,,,,,,,,,34.624,794.71,0.107,0.22,5.8,40.624,807.285,0.089,0.27,8.3,46.624,833.257,0.089,0.24,6.1,52.624,857.996,1.587,30.56,80.3
,,,,,,,,,,,,,,,,,,,,,,,,,34.658,794.744,0.107,0.22,5.8,40.658,807.319,0.087,0.24,6.8,,,,,,52.658,858.03,1.513,27.07,79.9
,,,,,,,,,,,,,,,,,,,,,,,,,34.692,794.778,0.109,0.22,5.8,40.692,807.354,0.09,0.22,6.5,,,,,,52.692,858.064,1.27,22.53,76.7
,,,,,,,,,,,,,,,,,,,,,,,,,34.726,794.812,0.111,0.22,5.8,40.726,807.388,0.094,0.21,6.1,,,,,,52.726,858.098,1.126,17.69,72.3
,,,,,,,,,,,,,,,,,,,,,,,,,34.76,794.846,0.111,0.22,5.8,40.76,807.422,0.09,0.2,5.8,,,,,,52.76,858.132,0.85,13.1,67.7
,,,,,,,,,,,,,,,,,,,,,,,,,34.794,794.881,0.111,0.21,5.8,40.794,807.456,0.089,0.19,5.8,,,,,,52.794,858.166,0.664,9.22,61.2
,,,,,,,,,,,,,,,,,,,,,,,,,34.828,794.915,0.111,0.21,5.8,40.828,807.49,0.092,0.19,5.8,,,,,,52.828,858.201,0.497,6.22,53.3
,,,,,,,,,,,,,,,,,,,,,,,,,34.862,794.949,0.111,0.21,5.8,40.862,807.525,0.095,0.19,5.4,,,,,,52.862,858.235,0.387,4.12,44.6
,,,,,,,,,,,,,,,,,,,,,,,,,34.896,794.983,0.109,0.21,5.4,40.896,807.559,0.095,0.19,5,,,,,,52.896,858.269,0.304,2.79,35.6
,,,,,,,,,,,,,,,,,,,,,,,,,34.93,795.017,0.107,0.2,5.4,40.93,807.593,0.097,0.19,5.4,,,,,,52.93,858.303,0.259,1.97,30.2
,,,,,,,,,,,,,,,,,,,,,,,,,,,,,,40.964,807.627,0.099,0.19,5.4,,,,,,52.964,858.337,0.229,1.44,25.9
,,,,,,,,,,,,,,,,,,,,,,,,,,,,,,40.998,807.661,0.099,0.19,5.4,,,,,,52.998,858.371,0.206,1.11,23.8
,,,,,,,,,,,,,,,,,,,,,,,,,,,,,,41.032,807.695,0.099,0.19,5,,,,,,53.032,858.406,0.19,0.89,21.6
,,,,,,,,,,,,,,,,,,,,,,,,,,,,,,41.066,807.73,0.099,0.19,5,,,,,,53.066,858.44,0.178,0.75,18.7
,,,,,,,,,,,,,,,,,,,,,,,,,,,,,,,,,,,,,,,,53.1,858.474,0.169,0.66,16.2
,,,,,,,,,,,,,,,,,,,,,,,,,,,,,,,,,,,,,,,,53.134,858.508,0.161,0.6,15.1
,,,,,,,,,,,,,,,,,,,,,,,,,,,,,,,,,,,,,,,,53.168,858.542,0.156,0.56,14.4
,,,,,,,,,,,,,,,,,,,,,,,,,,,,,,,,,,,,,,,,53.202,858.577,0.151,0.53,13.3
,,,,,,,,,,,,,,,,,,,,,,,,,,,,,,,,,,,,,,,,53.236,858.611,0.147,0.51,13.3
,,,,,,,,,,,,,,,,,,,,,,,,,,,,,,,,,,,,,,,,53.27,858.645,0.143,0.49,12.2
,,,,,,,,,,,,,,,,,,,,,,,,,,,,,,,,,,,,,,,,53.304,858.679,0.141,0.48,12.2
,,,,,,,,,,,,,,,,,,,,,,,,,,,,,,,,,,,,,,,,53.338,858.713,0.137,0.46,11.5
,,,,,,,,,,,,,,,,,,,,,,,,,,,,,,,,,,,,,,,,53.372,858.747,0.136,0.45,11.2
,,,,,,,,,,,,,,,,,,,,,,,,,,,,,,,,,,,,,,,,53.406,858.782,0.135,0.45,11.2
,,,,,,,,,,,,,,,,,,,,,,,,,,,,,,,,,,,,,,,,53.44,858.816,0.134,0.44,11.2
,,,,,,,,,,,,,,,,,,,,,,,,,,,,,,,,,,,,,,,,53.474,858.85,0.132,0.43,10.8
,,,,,,,,,,,,,,,,,,,,,,,,,,,,,,,,,,,,,,,,53.508,858.884,0.131,0.42,10.4
,,,,,,,,,,,,,,,,,,,,,,,,,,,,,,,,,,,,,,,,53.542,858.918,0.13,0.42,10.4
,,,,,,,,,,,,,,,,,,,,,,,,,,,,,,,,,,,,,,,,53.576,858.952,0.13,0.41,10.4
,,,,,,,,,,,,,,,,,,,,,,,,,,,,,,,,,,,,,,,,53.61,858.987,0.128,0.41,9.4
,,,,,,,,,,,,,,,,,,,,,,,,,,,,,,,,,,,,,,,,53.644,859.021,0.126,0.4,9.4